<?xml version="1.0" encoding="UTF-8"?>
<project-private xmlns="http://www.netbeans.org/ns/project-private/1">
    <editor-bookmarks xmlns="http://www.netbeans.org/ns/editor-bookmarks/2" lastBookmarkId="0"/>
    <open-files xmlns="http://www.netbeans.org/ns/projectui-open-files/2">
        <group>
            <file>file:/C:/Users/bob/Documents/NetBeansProjects/maple_loader/src/CliTemplate/DFUUploader.java</file>
            <file>file:/C:/Users/bob/Documents/NetBeansProjects/maple_loader/src/CliTemplate/ExecCommand.java</file>
            <file>file:/C:/Users/bob/Documents/NetBeansProjects/maple_loader/src/CliTemplate/CliMain.java</file>
            <file>file:/C:/Users/bob/Documents/NetBeansProjects/maple_loader/src/processing/app/Preferences.java</file>
            <file>file:/C:/Users/bob/Documents/NetBeansProjects/maple_loader/src/processing/app/Serial.java</file>
        </group>
    </open-files>
</project-private>
